{"cameraMode":{"drawMode":0,"name":"Shaded","section":"Shading Mode"},"sceneLighting":false,"audioPlay":false,"sceneViewState":{"showFog":true,"showMaterialUpdate":false,"showSkybox":false,"showFlares":true,"showImageEffects":true,"showParticleSystems":true,"showVisualEffectGraphs":true,"m_FxEnabled":true},"in2DMode":false,"pivot":{"x":-0.14328578114509583,"y":1.6343989372253419,"z":-5.960464477539063e-8},"rotation":{"x":-0.010483123362064362,"y":0.9758345484733582,"z":-0.21290352940559388,"w":-0.04804899916052818},"size":1.825669527053833,"orthographic":false}