{"cameraMode":{"drawMode":0,"name":"Shaded","section":"Shading Mode"},"sceneLighting":false,"audioPlay":false,"sceneViewState":{"showFog":true,"showMaterialUpdate":false,"showSkybox":false,"showFlares":true,"showImageEffects":true,"showParticleSystems":true,"showVisualEffectGraphs":true,"m_FxEnabled":true},"in2DMode":false,"pivot":{"x":-0.2818622589111328,"y":4.651437759399414,"z":6.612203598022461},"rotation":{"x":0.006422657519578934,"y":0.9532366394996643,"z":-0.3014737367630005,"w":0.020307915285229684},"size":30.310888290405275,"orthographic":false}